Date,Open,High,Low,Close,Volume,Adj Close
2013-05-31,47.69,47.69,46.95,46.95,44200,46.95
2013-05-30,47.88,48.08,47.88,47.97,12900,47.97
2013-05-29,47.03,47.29,46.92,47.29,20500,47.29
2013-05-28,46.88,47.53,46.68,46.84,23100,46.84
2013-05-24,47.06,47.18,46.89,46.94,18300,46.94
2013-05-23,47.20,47.30,46.74,47.24,109000,47.24
2013-05-22,47.14,48.02,45.92,46.30,172400,46.30
2013-05-21,46.36,46.85,46.12,46.63,99800,46.63
2013-05-20,45.88,47.47,45.87,47.43,101700,47.43
2013-05-17,46.73,46.78,45.95,45.97,47500,45.97
2013-05-16,46.70,47.14,46.67,47.04,38100,47.04
2013-05-15,47.93,48.07,47.10,47.25,83900,47.25
2013-05-14,48.46,48.86,48.37,48.40,38700,48.40
2013-05-13,48.62,48.78,48.60,48.65,14100,48.65
2013-05-10,48.56,49.07,48.27,49.07,43500,49.07
2013-05-09,49.67,49.99,49.39,49.50,43500,49.50
2013-05-08,49.85,50.16,49.75,50.09,78400,50.09
2013-05-07,49.28,49.38,49.02,49.36,28500,49.36
2013-05-06,50.03,50.09,49.84,49.99,22000,49.99
2013-05-03,49.80,50.11,49.78,49.98,77500,49.98
2013-05-02,49.90,50.06,49.82,49.87,41300,49.87
2013-05-01,49.43,49.70,48.95,49.61,36200,49.61
2013-04-30,50.04,50.20,49.80,50.20,117200,50.20
2013-04-29,49.96,50.15,49.74,50.01,22500,50.01
2013-04-26,50.02,50.38,49.27,49.55,80000,49.55
2013-04-25,49.15,49.90,49.15,49.79,27000,49.79
2013-04-24,48.50,48.64,48.33,48.62,50000,48.62
2013-04-23,48.22,48.22,47.77,48.07,119400,48.07
2013-04-22,48.54,48.54,48.25,48.44,41900,48.44
2013-04-19,47.77,47.77,47.29,47.60,183900,47.60
2013-04-18,47.13,47.51,46.97,47.17,602100,47.17
2013-04-17,46.98,47.40,46.52,46.68,140300,46.68
2013-04-16,47.39,47.44,46.31,46.67,320600,46.67
2013-04-15,47.81,48.04,45.83,46.13,439200,46.13
2013-04-12,52.26,52.34,50.51,50.65,203300,50.65
2013-04-11,53.07,53.41,53.06,53.19,55600,53.19
2013-04-10,53.79,53.79,53.05,53.10,25600,53.10
2013-04-09,53.64,54.17,53.64,54.01,38500,54.01
2013-04-08,53.68,53.74,53.42,53.58,15600,53.58
2013-04-05,53.36,53.88,53.25,53.82,41900,53.82
2013-04-04,52.70,53.01,52.65,52.90,70400,52.90
2013-04-03,53.56,53.73,52.80,53.07,53400,53.07
2013-04-02,53.94,53.99,53.70,53.70,40600,53.70
2013-04-01,54.48,54.57,54.41,54.53,12500,54.53
2013-03-28,54.45,54.53,54.36,54.48,11300,54.48
2013-03-27,54.50,54.82,54.50,54.80,46400,54.80
2013-03-26,54.45,54.59,54.41,54.55,29500,54.55
2013-03-25,54.56,54.83,54.47,54.73,29700,54.73
2013-03-22,54.81,54.97,54.80,54.87,34400,54.87
2013-03-21,55.08,55.15,54.98,55.09,31300,55.09
2013-03-20,54.86,54.95,54.68,54.77,32100,54.77
2013-03-19,54.73,55.10,54.72,55.05,26400,55.05
2013-03-18,54.90,54.97,54.68,54.79,26200,54.79
2013-03-15,54.36,54.47,54.29,54.31,39200,54.31
2013-03-14,53.96,54.33,53.96,54.19,22000,54.19
2013-03-13,54.49,54.49,54.12,54.18,21000,54.18
2013-03-12,54.33,54.52,54.26,54.38,53100,54.38
2013-03-11,53.87,53.97,53.83,53.93,13900,53.93
2013-03-08,53.46,54.01,53.39,53.85,52600,53.85
2013-03-07,53.95,53.95,53.75,53.83,75000,53.83
2013-03-06,53.57,54.03,53.48,54.03,104500,54.03
2013-03-05,53.98,54.08,53.65,53.77,97100,53.77
2013-03-04,53.74,53.85,53.56,53.69,4772500,53.69
2013-03-01,54.01,54.11,53.65,53.75,207100,53.75
2013-02-28,54.33,54.33,53.75,53.94,82800,53.94
2013-02-27,54.83,54.90,54.39,54.51,111400,54.51
2013-02-26,54.45,55.30,54.18,55.13,61900,55.13
2013-02-25,54.13,54.52,54.07,54.45,769200,54.45
2013-02-22,53.59,53.94,53.59,53.94,77700,53.94
2013-02-21,53.59,54.09,53.59,53.82,742000,53.82
2013-02-20,54.31,54.31,53.24,53.41,221600,53.41
2013-02-19,54.95,54.96,54.69,54.80,150300,54.80
2013-02-15,55.18,55.27,54.59,54.96,208400,54.96
2013-02-14,56.27,56.35,55.83,55.90,31300,55.90
2013-02-13,56.35,56.35,56.10,56.16,98000,56.16
2013-02-12,56.30,56.53,56.16,56.47,68400,56.47
2013-02-11,56.46,56.48,56.30,56.41,9300,56.41
2013-02-08,57.04,57.22,57.01,57.10,67400,57.10
2013-02-07,56.99,57.54,56.99,57.21,40000,57.21
2013-02-06,57.32,57.47,57.29,57.40,16100,57.40
2013-02-05,57.55,57.55,57.04,57.23,202000,57.23
2013-02-04,57.00,57.42,56.97,57.28,66800,57.28
2013-02-01,57.48,57.54,56.86,57.06,63300,57.06
2013-01-31,57.12,57.17,56.73,56.97,77100,56.97
2013-01-30,57.53,57.63,57.32,57.35,58000,57.35
2013-01-29,56.90,57.02,56.82,56.93,68400,56.93
2013-01-28,56.64,56.79,56.59,56.65,5400,56.65
2013-01-25,56.78,56.90,56.71,56.79,86000,56.79
2013-01-24,57.24,57.35,57.02,57.11,17400,57.11
2013-01-23,57.97,57.99,57.70,57.75,25800,57.75
2013-01-22,57.84,58.08,57.83,57.92,22500,57.92
2013-01-18,57.86,57.88,57.68,57.71,40000,57.71
2013-01-17,57.28,58.17,57.26,57.80,34400,57.80
2013-01-16,57.41,57.62,57.38,57.55,56700,57.55
2013-01-15,57.59,57.72,57.45,57.50,72100,57.50
2013-01-14,57.28,57.29,57.02,57.14,25300,57.14
2013-01-11,57.26,57.26,56.65,56.97,132200,56.97
2013-01-10,57.17,57.50,57.17,57.33,73000,57.33
2013-01-09,56.84,56.85,56.61,56.80,63700,56.80
2013-01-08,56.75,56.94,56.60,56.81,53500,56.81
2013-01-07,56.34,56.52,56.34,56.42,95700,56.42
2013-01-04,56.46,56.79,56.21,56.74,352100,56.74
2013-01-03,57.52,57.62,56.94,57.07,33000,57.07
2013-01-02,57.86,58.11,57.74,57.75,505000,57.75
2012-12-31,56.94,57.58,56.92,57.35,67000,57.35
2012-12-28,56.96,56.96,56.70,56.83,105900,56.83
2012-12-27,56.72,57.08,56.68,57.06,34500,57.06
2012-12-26,57.17,57.17,56.88,56.90,27200,56.90
2012-12-24,56.94,56.97,56.83,56.85,37500,56.85
2012-12-21,56.54,56.89,56.54,56.73,248100,56.73
2012-12-20,56.56,56.66,56.08,56.54,98600,56.54
2012-12-19,57.11,57.43,57.04,57.24,64400,57.24
2012-12-18,58.20,58.24,56.97,57.36,46800,57.36
2012-12-17,58.20,58.28,58.17,58.25,29400,58.25
2012-12-14,58.17,58.25,58.11,58.12,35200,58.12
2012-12-13,58.02,58.39,58.02,58.23,72900,58.23
2012-12-12,58.91,59.10,58.71,58.79,57700,58.79
2012-12-11,58.65,58.71,58.55,58.71,14200,58.71
2012-12-10,58.86,58.86,58.74,58.77,152900,58.77
2012-12-07,58.40,58.53,58.32,58.50,45500,58.50
2012-12-06,58.02,58.48,57.97,58.31,88100,58.31
2012-12-05,58.17,58.28,57.83,58.15,140800,58.15
2012-12-04,58.10,58.39,58.04,58.26,223100,58.26
2012-12-03,58.86,59.14,58.86,58.89,70700,58.89
2012-11-30,59.16,59.24,58.71,58.84,39200,58.84
2012-11-29,59.26,59.37,59.20,59.28,101700,59.28
2012-11-28,58.65,59.14,58.62,59.04,90500,59.04
2012-11-27,59.98,60.03,59.80,59.84,29200,59.84
2012-11-26,60.10,60.16,60.04,60.10,109900,60.10
2012-11-23,59.54,60.24,59.53,60.18,64000,60.18
2012-11-21,59.25,59.42,59.21,59.40,34800,59.40
2012-11-20,59.43,59.52,59.17,59.34,11800,59.34
2012-11-19,59.50,59.60,59.35,59.53,26700,59.53
2012-11-16,58.74,58.94,58.65,58.78,92900,58.78
2012-11-15,59.21,59.21,58.62,58.89,188200,58.89
2012-11-14,59.37,59.55,59.15,59.26,23600,59.26
2012-11-13,59.07,59.54,59.07,59.26,50300,59.26
2012-11-12,59.61,59.67,59.35,59.37,24500,59.37
2012-11-09,59.67,59.76,59.45,59.51,141600,59.51
2012-11-08,58.93,59.61,58.93,59.58,21900,59.58
2012-11-07,59.15,59.24,58.52,59.05,44200,59.05
2012-11-06,58.09,59.08,58.04,58.98,49100,58.98
2012-11-05,57.80,57.93,57.78,57.91,273600,57.91
2012-11-02,58.32,58.33,57.56,57.66,123000,57.66
2012-11-01,59.23,59.23,58.91,58.91,68600,58.91
2012-10-31,59.04,59.29,59.02,59.17,75600,59.17
2012-10-26,58.94,59.08,58.81,58.85,17300,58.85
2012-10-25,59.02,59.05,58.80,58.85,42900,58.85
2012-10-24,58.79,58.81,58.42,58.46,74200,58.46
2012-10-23,58.92,58.92,58.62,58.66,104400,58.66
2012-10-22,59.26,59.47,59.26,59.47,28800,59.47
2012-10-19,59.76,59.76,59.03,59.24,113700,59.24
2012-10-18,59.89,60.06,59.86,59.89,243400,59.89
2012-10-17,60.08,60.28,60.00,60.15,38400,60.15
2012-10-16,59.96,60.15,59.90,60.15,58300,60.15
2012-10-15,60.00,60.03,59.50,59.76,126700,59.76
2012-10-12,60.78,60.82,60.31,60.38,36200,60.38
2012-10-11,60.81,61.03,60.77,60.85,41100,60.85
2012-10-10,60.56,60.79,60.55,60.66,70000,60.66
2012-10-09,61.02,61.15,60.62,60.72,141200,60.72
2012-10-08,60.98,61.19,60.96,61.10,34300,61.10
2012-10-05,61.43,61.48,61.11,61.32,18700,61.32
2012-10-04,61.55,61.82,61.49,61.70,93000,61.70
2012-10-03,61.32,61.32,61.10,61.27,26900,61.27
2012-10-02,61.27,61.34,60.99,61.15,540800,61.15
2012-10-01,61.41,61.66,61.04,61.22,68400,61.22
2012-09-28,61.13,61.24,60.87,61.08,25300,61.08
2012-09-27,60.76,61.27,60.71,61.24,22000,61.24
2012-09-26,60.17,60.41,59.81,60.34,232800,60.34
2012-09-25,61.01,61.13,60.60,60.66,43800,60.66
2012-09-24,60.63,60.86,60.60,60.78,42900,60.78
2012-09-21,61.46,61.51,61.06,61.09,34200,61.09
2012-09-20,60.74,60.99,60.50,60.93,35600,60.93
2012-09-19,61.08,61.13,60.91,61.02,306700,61.02
2012-09-18,60.67,61.07,60.67,60.99,23500,60.99
2012-09-17,61.03,61.06,60.42,60.54,118400,60.54
2012-09-14,61.05,61.18,60.96,61.03,54800,61.03
2012-09-13,59.61,61.01,59.14,60.85,90200,60.85
2012-09-12,59.98,60.00,59.45,59.65,37100,59.65
2012-09-11,59.77,59.84,59.63,59.65,24600,59.65
2012-09-10,59.59,59.70,59.41,59.42,85600,59.42
2012-09-07,59.62,60.00,59.47,59.82,225200,59.82
2012-09-06,58.67,58.86,58.55,58.58,151900,58.58
2012-09-05,58.29,58.36,58.20,58.35,36800,58.35
2012-09-04,58.29,58.50,58.18,58.40,79500,58.40
2012-08-31,57.23,58.32,56.72,58.29,113600,58.29
2012-08-30,57.22,57.27,56.86,57.02,47400,57.02
2012-08-29,57.38,57.38,56.90,57.04,22400,57.04
2012-08-28,57.39,57.57,57.32,57.42,24800,57.42
2012-08-27,57.45,57.62,57.30,57.32,40300,57.32
2012-08-24,57.49,57.60,57.34,57.53,70800,57.53
2012-08-23,57.32,57.70,57.29,57.49,36900,57.49
2012-08-22,56.50,57.04,56.30,56.98,138900,56.98
2012-08-21,56.37,56.52,56.35,56.40,29800,56.40
2012-08-20,55.56,55.86,55.54,55.82,15500,55.82
2012-08-17,55.54,55.67,55.50,55.66,13600,55.66
2012-08-16,55.33,55.75,55.24,55.58,23700,55.58
2012-08-15,55.15,55.30,55.12,55.25,343000,55.25
2012-08-14,55.05,55.21,55.02,55.09,38100,55.09
2012-08-13,55.74,55.88,55.37,55.38,18600,55.38
2012-08-10,55.69,55.97,55.69,55.81,34300,55.81
2012-08-09,55.52,55.74,55.51,55.74,9300,55.74
2012-08-08,55.63,55.75,55.49,55.57,28600,55.57
2012-08-07,55.53,55.61,55.42,55.51,23800,55.51
2012-08-06,55.38,55.60,55.33,55.52,22400,55.52
2012-08-03,54.94,55.34,54.85,55.19,187000,55.19
2012-08-02,54.95,55.06,54.58,54.74,77300,54.74
2012-08-01,55.14,55.35,54.84,55.15,113500,55.15
2012-07-31,55.98,56.01,55.54,55.62,37200,55.62
2012-07-30,55.70,55.98,55.69,55.93,42000,55.93
2012-07-27,56.04,56.04,55.69,55.98,24600,55.98
2012-07-26,55.70,55.85,55.47,55.72,34100,55.72
2012-07-25,55.23,55.47,55.16,55.34,53600,55.34
2012-07-24,54.57,54.57,54.16,54.55,22500,54.55
2012-07-23,54.18,54.45,54.12,54.39,21300,54.39
2012-07-20,54.47,54.72,54.33,54.62,25900,54.62
2012-07-19,54.59,54.82,54.43,54.54,75700,54.54
2012-07-18,54.41,54.57,54.21,54.40,36400,54.40
2012-07-17,54.73,54.86,54.24,54.55,21900,54.55
2012-07-16,54.89,54.99,54.81,54.85,16800,54.85
2012-07-13,54.58,55.05,54.58,54.78,37200,54.78
2012-07-12,53.70,54.33,53.70,54.24,28800,54.24
2012-07-11,54.26,54.48,54.11,54.38,28800,54.38
2012-07-10,55.15,55.16,54.00,54.11,29400,54.11
2012-07-09,54.61,54.90,54.59,54.78,42900,54.78
2012-07-06,54.87,54.93,54.41,54.67,34100,54.67
2012-07-05,55.30,55.57,55.18,55.34,95600,55.34
2012-07-03,55.83,56.08,55.81,56.01,29300,56.01
2012-07-02,54.99,55.32,54.92,55.17,52600,55.17
2012-06-29,55.16,55.46,55.03,55.18,69200,55.18
2012-06-28,54.02,54.08,53.41,53.70,32500,53.70
2012-06-27,54.57,54.57,54.16,54.37,49900,54.37
2012-06-26,54.41,54.45,54.16,54.29,13100,54.29
2012-06-25,54.29,54.79,54.18,54.69,49500,54.69
2012-06-22,54.07,54.31,53.82,54.29,33800,54.29
2012-06-21,54.66,54.86,54.01,54.07,114900,54.07
2012-06-20,55.48,55.91,54.91,55.47,70500,55.47
2012-06-19,56.21,56.25,55.91,55.94,30500,55.94
2012-06-18,56.01,56.27,55.71,56.17,53500,56.17
2012-06-15,56.15,56.38,56.06,56.14,58200,56.14
2012-06-14,56.09,56.16,55.67,56.14,64200,56.14
2012-06-13,56.07,56.10,55.71,55.90,29900,55.90
2012-06-12,55.36,55.84,55.34,55.65,39000,55.65
2012-06-11,55.09,55.33,54.71,55.27,176400,55.27
2012-06-08,54.47,55.10,54.47,55.08,120100,55.08
2012-06-07,56.20,56.20,54.59,55.01,197500,55.01
2012-06-06,56.52,56.70,55.78,55.98,192300,55.98
2012-06-05,55.92,56.01,55.73,55.97,303800,55.97
2012-06-04,55.97,56.04,55.61,56.02,562700,56.02
2012-06-01,55.29,56.33,55.27,56.10,605500,56.10
2012-05-31,54.12,54.32,53.63,53.97,50100,53.97
2012-05-30,53.28,54.22,52.89,54.07,57900,54.07
2012-05-29,54.61,54.66,53.50,53.73,157100,53.73
2012-05-25,54.05,54.35,54.00,54.33,16900,54.33
2012-05-24,54.41,54.42,53.63,53.90,31300,53.90
2012-05-23,53.91,53.96,52.97,53.94,97000,53.94
2012-05-22,54.69,54.96,53.96,54.14,79400,54.14
2012-05-21,54.85,55.17,54.80,55.05,31900,55.05
2012-05-18,54.97,55.23,54.86,55.01,86500,55.01
2012-05-17,53.68,54.58,53.57,54.41,235800,54.41
2012-05-16,53.20,53.56,52.88,53.20,301600,53.20
2012-05-15,53.73,53.90,53.25,53.27,711700,53.27
2012-05-14,53.95,54.16,53.78,53.86,49700,53.86
2012-05-11,54.63,54.99,54.61,54.67,29000,54.67
2012-05-10,55.24,55.39,55.09,55.14,44800,55.14
2012-05-09,54.87,55.17,54.73,55.05,48000,55.05
2012-05-08,55.76,55.81,55.19,55.58,88800,55.58
2012-05-07,56.74,56.74,56.50,56.69,9200,56.69
2012-05-04,56.60,56.98,56.50,56.83,55800,56.83
2012-05-03,56.76,56.76,56.30,56.64,33000,56.64
2012-05-02,57.30,57.31,56.99,57.21,472200,57.21
2012-05-01,57.76,57.80,57.33,57.52,28100,57.52
2012-04-30,57.19,57.70,57.19,57.69,23000,57.69
2012-04-27,57.64,57.70,57.55,57.57,36200,57.57
2012-04-26,57.17,57.49,57.11,57.40,94400,57.40
2012-04-25,56.86,56.99,56.23,56.90,114900,56.90
2012-04-24,56.92,57.07,56.79,56.79,55100,56.79
2012-04-23,56.36,56.74,56.27,56.72,51700,56.72
2012-04-20,56.81,56.99,56.77,56.84,32900,56.84
2012-04-19,57.02,57.25,56.71,56.84,58600,56.84
2012-04-18,56.85,57.04,56.70,56.77,74000,56.77
2012-04-17,57.23,57.35,56.66,57.12,73800,57.12
2012-04-16,57.22,57.41,56.93,57.17,92700,57.17
2012-04-13,57.91,57.94,57.13,57.34,57000,57.34
2012-04-12,57.33,58.18,57.30,58.01,117200,58.01
2012-04-11,57.45,57.57,57.32,57.42,41800,57.42
2012-04-10,56.94,57.63,56.52,57.48,94500,57.48
2012-04-09,56.95,57.05,56.68,56.83,74000,56.83
2012-04-05,56.27,56.58,56.27,56.46,64200,56.46
2012-04-04,56.16,56.32,55.84,55.97,321100,55.97
2012-04-03,58.26,58.26,56.79,57.02,1429800,57.02
2012-04-02,57.77,58.34,57.72,58.11,44600,58.11
2012-03-30,57.75,57.91,57.57,57.78,52900,57.78
2012-03-29,57.59,57.59,57.11,57.57,17700,57.57
2012-03-28,58.09,58.12,57.37,57.66,75600,57.66
2012-03-27,58.71,58.81,58.27,58.31,34800,58.31
2012-03-26,58.28,58.71,58.23,58.66,27800,58.66
2012-03-23,57.39,57.80,57.29,57.64,85100,57.64
2012-03-22,56.45,57.03,56.44,56.97,56900,56.97
2012-03-21,57.32,57.60,57.18,57.25,117800,57.25
2012-03-20,57.16,57.47,57.04,57.13,51600,57.13
2012-03-19,57.41,57.91,57.41,57.67,27700,57.67
2012-03-16,57.14,57.67,57.14,57.62,34300,57.62
2012-03-15,57.01,57.79,56.97,57.58,119000,57.58
2012-03-14,57.00,57.30,56.71,57.01,53400,57.01
2012-03-13,58.56,59.05,57.76,58.01,87600,58.01
2012-03-12,59.10,59.13,58.88,58.96,29900,58.96
2012-03-09,58.44,59.52,58.38,59.49,37100,59.49
2012-03-08,58.85,59.19,58.65,59.10,105700,59.10
2012-03-07,58.14,58.59,58.08,58.53,55900,58.53
2012-03-06,57.90,58.17,57.86,58.15,111100,58.15
2012-03-05,59.26,59.30,58.83,59.20,119300,59.20
2012-03-02,59.46,59.62,59.29,59.46,15800,59.46
2012-03-01,59.42,59.91,59.27,59.60,852200,59.60
2012-02-29,61.97,62.09,58.67,58.68,147300,58.68
2012-02-28,61.87,62.24,61.77,62.07,76700,62.07
2012-02-27,61.56,61.83,61.40,61.43,60000,61.43
2012-02-24,61.76,61.87,61.59,61.63,69700,61.63
2012-02-23,61.75,62.16,61.75,61.91,38500,61.91
2012-02-22,60.97,61.90,60.89,61.85,57100,61.85
2012-02-21,60.68,61.23,60.68,61.20,113900,61.20
2012-02-17,60.19,60.19,59.70,59.85,44000,59.85
2012-02-16,59.46,60.07,59.46,60.07,14300,60.07
2012-02-15,60.38,60.38,59.85,60.17,84800,60.17
2012-02-14,59.95,60.08,59.55,59.82,62700,59.82
2012-02-13,59.92,60.05,59.75,59.94,44900,59.94
2012-02-10,59.52,59.97,59.50,59.82,69600,59.82
2012-02-09,60.84,60.97,60.05,60.15,43400,60.15
2012-02-08,60.58,60.79,60.02,60.35,169100,60.35
2012-02-07,59.89,60.89,59.81,60.73,131500,60.73
2012-02-06,59.77,60.01,59.68,59.87,95000,59.87
2012-02-03,60.79,60.88,59.94,60.03,96200,60.03
2012-02-02,60.78,61.26,60.76,61.23,374000,61.23
2012-02-01,60.76,60.88,60.57,60.65,435800,60.65
2012-01-31,60.78,60.78,60.01,60.60,65500,60.60
2012-01-30,60.16,60.33,60.10,60.16,13900,60.16
2012-01-27,59.91,60.51,59.91,60.46,16900,60.46
2012-01-26,60.18,60.24,59.87,59.87,61200,59.87
2012-01-25,57.63,59.61,57.20,59.61,53000,59.61
2012-01-24,57.90,58.12,57.84,57.99,43400,57.99
2012-01-23,58.17,58.53,58.17,58.44,67700,58.44
2012-01-20,57.41,58.02,57.41,58.02,20100,58.02
2012-01-19,57.64,57.74,57.40,57.74,27300,57.74
2012-01-18,57.25,57.84,57.20,57.82,345700,57.82
2012-01-17,57.65,57.82,57.41,57.41,24500,57.41
2012-01-13,56.97,57.08,56.61,56.98,81300,56.98
2012-01-12,57.69,57.86,57.20,57.36,782300,57.36
2012-01-11,57.07,57.24,56.96,57.18,18900,57.18
2012-01-10,56.92,57.04,56.74,56.75,128900,56.75
2012-01-09,56.35,56.37,55.92,55.99,110100,55.99
2012-01-06,56.74,56.76,56.02,56.30,30500,56.30
2012-01-05,55.70,56.57,55.65,56.43,123700,56.43
2012-01-04,55.84,56.33,55.83,56.06,466700,56.06
2012-01-03,55.42,55.94,55.35,55.79,1521500,55.79
2011-12-30,54.53,55.09,54.39,54.45,79300,54.45
2011-12-29,53.35,53.91,53.00,53.87,206300,53.87
2011-12-28,55.15,55.16,53.96,54.12,131900,54.12
2011-12-27,55.55,55.70,55.35,55.47,497900,55.47
2011-12-23,56.08,56.12,55.92,56.06,48800,56.06
2011-12-22,56.04,56.09,55.77,55.95,63900,55.95
2011-12-21,56.28,56.46,56.00,56.36,33000,56.36
2011-12-20,56.21,56.45,56.21,56.33,89500,56.33
2011-12-19,55.72,55.83,55.34,55.49,97400,55.49
2011-12-16,55.32,55.73,55.29,55.71,98500,55.71
2011-12-15,55.50,55.50,54.44,54.62,135900,54.62
2011-12-14,56.27,56.37,54.57,54.85,498600,54.85
2011-12-13,58.13,58.39,56.64,56.92,74400,56.92
2011-12-12,58.30,58.30,57.90,58.20,38100,58.20
2011-12-09,59.75,60.08,59.69,59.76,33400,59.76
2011-12-08,59.92,60.20,59.58,59.58,109200,59.58
2011-12-07,60.65,60.89,60.31,60.85,53200,60.85
2011-12-06,59.76,60.54,59.43,60.45,76400,60.45
2011-12-05,60.75,60.97,60.06,60.10,198500,60.10
2011-12-02,61.30,61.32,60.90,60.96,50200,60.96
2011-12-01,61.04,61.19,60.56,60.92,306000,60.92
2011-11-30,60.94,61.16,60.77,61.01,38800,61.01
2011-11-29,59.67,60.10,59.67,59.95,89600,59.95
2011-11-28,59.93,60.01,59.64,59.80,13700,59.80
2011-11-25,58.68,59.27,58.64,58.64,26100,58.64
2011-11-23,59.15,59.33,58.64,59.18,66800,59.18
2011-11-22,59.21,59.58,59.14,59.35,102200,59.35
2011-11-21,59.81,59.81,58.31,58.83,253600,58.83
2011-11-18,60.01,60.53,59.87,60.25,31100,60.25
2011-11-17,61.07,61.07,59.80,60.04,47900,60.04
2011-11-16,61.59,62.10,61.37,61.63,43100,61.63
2011-11-15,62.30,62.40,61.82,62.30,156300,62.30
2011-11-14,62.38,62.41,62.07,62.23,12600,62.23
2011-11-11,61.82,62.50,61.77,62.47,36100,62.47
2011-11-10,61.94,61.94,60.69,61.51,27500,61.51
2011-11-09,62.70,62.73,61.67,61.79,157800,61.79
2011-11-08,62.61,63.00,62.28,62.33,206000,62.33
2011-11-07,62.26,62.90,62.21,62.90,21200,62.90
2011-11-04,61.47,61.49,61.17,61.40,80300,61.40
2011-11-03,61.50,61.79,61.28,61.73,177700,61.73
2011-11-02,60.56,60.96,60.16,60.74,72400,60.74
2011-11-01,58.90,60.16,58.82,60.16,835800,60.16
2011-10-31,60.26,60.27,59.95,60.11,40600,60.11
2011-10-28,60.98,61.01,60.64,60.91,45200,60.91
2011-10-27,60.16,61.12,59.93,60.92,59300,60.92
2011-10-26,60.00,60.34,59.78,60.11,29600,60.11
2011-10-25,57.85,59.70,57.61,59.46,94900,59.46
2011-10-24,57.64,57.91,57.53,57.76,144300,57.76
2011-10-21,57.42,57.62,57.08,57.31,294800,57.31
2011-10-20,56.55,56.85,55.94,56.66,137300,56.66
2011-10-19,57.88,57.98,57.30,57.42,80800,57.42
2011-10-18,57.42,58.21,56.94,58.20,36900,58.20
2011-10-17,58.92,58.94,58.16,58.43,51500,58.43
2011-10-14,58.63,58.82,58.27,58.75,44500,58.75
2011-10-13,58.31,58.39,57.79,58.22,31700,58.22
2011-10-12,58.80,58.89,58.46,58.65,54400,58.65
2011-10-11,58.30,58.35,57.94,58.28,48700,58.28
2011-10-10,58.26,58.73,57.90,58.73,33100,58.73
2011-10-07,57.87,57.91,57.00,57.18,51600,57.18
2011-10-06,57.50,57.83,57.06,57.64,294000,57.64
2011-10-05,56.78,57.54,56.21,57.28,252400,57.28
2011-10-04,57.76,57.76,55.77,56.59,270000,56.59
2011-10-03,57.85,58.00,57.48,57.76,422700,57.76
2011-09-30,56.56,57.05,56.21,56.83,173500,56.83
2011-09-29,56.82,56.86,56.15,56.69,137900,56.69
2011-09-28,57.81,57.94,55.94,56.24,323400,56.24
2011-09-27,58.11,58.34,57.47,57.77,274300,57.77
2011-09-26,56.44,57.05,55.47,56.63,628600,56.63
2011-09-23,59.18,59.68,56.94,57.53,296600,57.53
2011-09-22,60.81,61.15,60.22,60.75,36100,60.75
2011-09-21,62.83,64.10,62.35,62.43,47900,62.43
2011-09-20,62.32,63.39,62.32,63.23,72200,63.23
2011-09-19,63.45,63.51,61.94,62.32,45800,62.32
2011-09-16,62.54,63.73,62.54,63.31,70900,63.31
2011-09-15,62.71,62.84,62.16,62.68,41000,62.68
2011-09-14,63.84,63.93,63.40,63.54,115800,63.54
2011-09-13,63.83,64.51,63.51,64.26,34700,64.26
2011-09-12,64.34,64.34,63.06,63.57,62700,63.57
2011-09-09,64.60,65.38,64.51,65.02,126400,65.02
2011-09-08,65.26,65.52,64.69,65.41,82800,65.41
2011-09-07,63.38,64.00,62.75,63.59,114000,63.59
2011-09-06,66.42,66.80,65.24,65.73,260400,65.73
2011-09-02,65.73,65.97,65.53,65.89,128600,65.89
2011-09-01,63.84,64.10,63.50,63.99,293600,63.99
2011-08-31,63.86,64.37,63.50,63.85,67500,63.85
2011-08-30,63.92,64.44,63.57,64.40,72400,64.40
2011-08-29,63.28,63.28,62.21,62.54,69700,62.54
2011-08-26,62.42,63.79,62.05,63.76,45000,63.76
2011-08-25,60.00,62.13,59.65,62.02,284100,62.02
2011-08-24,63.94,64.05,61.32,61.68,121600,61.68
2011-08-23,65.51,66.09,63.82,63.94,152200,63.94
2011-08-22,65.48,66.40,65.35,66.33,117900,66.33
2011-08-19,65.35,65.37,64.40,64.72,142300,64.72
2011-08-18,63.72,64.08,63.48,63.93,69300,63.93
2011-08-17,62.56,62.82,62.40,62.76,33500,62.76
2011-08-16,62.10,62.60,62.08,62.58,67600,62.58
2011-08-15,60.90,61.83,60.76,61.80,20200,61.80
2011-08-12,60.96,61.15,60.34,61.15,61800,61.15
2011-08-11,61.99,61.99,60.70,61.38,80600,61.38
2011-08-10,61.98,62.88,61.76,62.81,82200,62.81
2011-08-09,61.14,62.20,60.24,60.55,321500,60.55
2011-08-08,59.52,60.23,59.31,60.12,111600,60.12
2011-08-05,58.09,58.28,57.77,58.14,79700,58.14
2011-08-04,58.81,58.92,57.45,57.79,64200,57.79
2011-08-03,58.43,58.57,58.01,58.03,424400,58.03
2011-08-02,57.35,58.12,57.30,58.12,36700,58.12
2011-08-01,56.60,57.19,56.41,56.70,315200,56.70
2011-07-29,56.96,57.18,56.84,56.92,29200,56.92
2011-07-28,56.66,56.66,56.18,56.59,38300,56.59
2011-07-27,57.00,57.04,56.42,56.52,44600,56.52
2011-07-26,56.48,56.76,56.35,56.76,38100,56.76
2011-07-25,56.72,56.72,56.45,56.59,15000,56.59
2011-07-22,56.08,56.33,56.08,56.15,9900,56.15
2011-07-21,56.09,56.10,55.57,55.76,29400,55.76
2011-07-20,55.47,56.09,55.45,56.09,8500,56.09
2011-07-19,56.22,56.22,55.45,55.66,89700,55.66
2011-07-18,56.01,56.34,56.01,56.33,24300,56.33
2011-07-15,55.54,55.89,55.50,55.88,31100,55.88
2011-07-14,55.69,55.87,55.41,55.65,47700,55.65
2011-07-13,55.33,55.68,55.30,55.48,102500,55.48
2011-07-12,54.45,55.10,54.31,54.96,138000,54.96
2011-07-11,54.44,54.58,54.07,54.56,92400,54.56
2011-07-08,54.12,54.17,54.01,54.07,143100,54.07
2011-07-07,53.61,53.75,53.39,53.70,758600,53.70
2011-07-06,53.52,53.79,53.51,53.55,168700,53.55
2011-07-05,52.95,53.16,52.91,53.12,87700,53.12
2011-07-01,52.13,52.22,51.85,52.14,289500,52.14
2011-06-30,52.97,52.98,52.53,52.54,32900,52.54
2011-06-29,52.80,53.04,52.75,53.00,36100,53.00
2011-06-28,52.58,52.76,52.45,52.64,69200,52.64
2011-06-27,52.53,52.64,52.36,52.44,97800,52.44
2011-06-24,53.23,53.25,52.56,52.60,80800,52.60
2011-06-23,53.46,53.57,53.02,53.42,38100,53.42
2011-06-22,54.34,54.66,54.22,54.31,69300,54.31
2011-06-21,54.17,54.29,54.16,54.27,51900,54.27
2011-06-20,54.03,54.23,53.88,53.99,19400,53.99
2011-06-17,53.56,54.03,53.56,53.99,55600,53.99
2011-06-16,53.58,53.74,53.01,53.60,18500,53.60
2011-06-15,53.34,53.74,53.31,53.65,17000,53.65
2011-06-14,53.16,53.52,53.12,53.49,16600,53.49
2011-06-13,53.55,53.60,53.02,53.20,24300,53.20
2011-06-10,53.63,53.91,53.61,53.71,33600,53.71
2011-06-09,54.01,54.36,53.92,54.18,26100,54.18
2011-06-08,54.02,54.02,53.80,53.93,10800,53.93
2011-06-07,54.27,54.32,53.92,54.15,21100,54.15
2011-06-06,54.31,54.50,54.12,54.15,8400,54.15
2011-06-03,54.05,54.23,53.93,54.11,99900,54.11
2011-06-02,54.07,54.14,53.35,53.82,88200,53.82
2011-06-01,53.90,54.41,53.89,53.97,30700,53.97
